date,home_team,away_team,league,score,odds,result
26-09-2026,AD Ceuta FC,Real Sociedad II,Spain – Segunda División,3-1,1.62,home
26-09-2026,Slovenia,Scotland,World – UEFA Nations League,0-0,1.48,draw
26-09-2026,Bulgaria,Luxembourg,World – UEFA Nations League,1-2,2.30,away
26-09-2026,Faroe Islands,Kazakhstan,World – UEFA Nations League,1-1,2.30,draw
26-09-2026,Celta de Vigo II,Sabadell,Spain – Segunda División,1-1,2.15,draw
26-09-2026,Czechia,Croatia,World – UEFA Nations League,1-2,2.25,away
26-09-2026,England,Spain,World – UEFA Nations League,2-3,1.40,away
26-09-2026,Estudiantes L.P.,Rosario Central,Argentina – Super Copa International,1-3,2.75,away
26-09-2026,Mexico,Colombia,World – Friendlies,1-1,1.50,draw
26-09-2026,Valladolid,Cordoba,Spain – Segunda División,3-1,3.30,home
26-09-2026,Lithuania,Azerbaijan,World – UEFA Nations League,1-1,1.38,draw
26-09-2026,Gibraltar,Andorra,World – UEFA Nations League,0-0,1.33,draw
26-09-2026,Israel,Rep. Of Ireland,World – UEFA Nations League,0-3,2.35,away
26-09-2026,Norway,Portugal,World – UEFA Nations League,1-2,2.24,away
26-09-2026,Racing Club,Boca Juniors,Argentina – Copa Argentina,2-3,2.15,away
19-09-2026,Borussia Mönchengladbach,FSV Mainz 05,Germany – Bundesliga,3-4,2.30,away
19-09-2026,Werder Bremen,FC Augsburg,Germany – Bundesliga,3-2,1.60,home
19-09-2026,Hamburger SV,1. FC Köln,Germany – Bundesliga,2-1,2.45,home
19-09-2026,Eintracht Frankfurt,SC Freiburg,Germany – Bundesliga,2-2,2.75,draw
19-09-2026,AS Roma,Inter,Italy – Serie A,2-2,1.47,draw
19-09-2026,VfB Stuttgart,Borussia Dortmund,Germany – Bundesliga,0-1,1.44,away
19-09-2026,Lyon,Rennes,France – Ligue 1,4-0,1.35,home
19-09-2026,Le Mans,Lorient,France – Ligue 1,2-1,1.46,home
19-09-2026,Venezia,Lazio,Italy – Serie A,0-2,2.00,away
19-09-2026,Fiorentina,Napoli,Italy – Serie A,1-1,2.25,draw
19-09-2026,Bournemouth,Liverpool,England – Premier League,0-1,2.20,away
19-09-2026,Auxerre,Stade Brestois 29,France – Ligue 1,2-1,2.55,home
19-09-2026,Parma,Genoa,Italy – Serie A,2-1,1.53,home
19-09-2026,Deportivo La Coruna,Real Betis,Spain – La Liga,1-1,2.48,draw
19-09-2026,Valencia,Real Sociedad,Spain – La Liga,2-3,2.55,away
12-09-2026,Hoffenheim,VfB Stuttgart,Germany – Bundesliga,2-1,1.60,home
12-09-2026,FSV Mainz 05,Eintracht Frankfurt,Germany – Bundesliga,1-3,2.05,away
12-09-2026,Bournemouth,Brentford,England – Premier League,2-2,1.52,draw
12-09-2026,Nacional,Alverca,Portugal – Primeira Liga,1-3,3.30,away
12-09-2026,Strasbourg,Monaco,France – Ligue 1,1-1,2.20,draw
12-09-2026,Lazio,AC Milan,Italy – Serie A,2-2,1.35,draw
12-09-2026,1. FC Köln,Werder Bremen,Germany – Bundesliga,1-1,2.10,draw
12-09-2026,Auxerre,Nice,France – Ligue 1,1-0,1.30,home
12-09-2026,Le Havre,Angers,France – Ligue 1,0-0,2.25,draw
12-09-2026,Lorient,Toulouse,France – Ligue 1,2-2,3.35,draw
12-09-2026,Paris FC,Lyon,France – Ligue 1,0-0,1.28,draw
12-09-2026,Lecce,Monza,Italy – Serie A,3-2,1.42,home
12-09-2026,Manchester United,Manchester City,England – Premier League,0-1,2.15,away
12-09-2026,Getafe,Deportivo La Coruna,Spain – La Liga,1-1,2.50,draw
12-09-2026,Real Sociedad,Atletico Madrid,Spain – La Liga,0-3,2.43,away
05-09-2026,Hoffenheim,Borussia Dortmund,Germany – Bundesliga,2-3,1.40,away
05-09-2026,SC Paderborn 07,SC Freiburg,Germany – Bundesliga,0-1,2.10,away
05-09-2026,Fulham,Crystal Palace,England – Premier League,2-3,1.40,away
05-09-2026,Nottingham Forest,Tottenham,England – Premier League,0-0,1.45,draw
05-09-2026,Athletic Club,Atletico Madrid,Spain – La Liga,3-0,2.40,home
05-09-2026,Rayo Vallecano,Racing Santander,Spain – La Liga,3-2,1.35,home
05-09-2026,Birmingham,Wolves,England – Championship,2-2,1.40,draw
05-09-2026,Everton,Manchester United,England – Premier League,2-2,2.20,draw
05-09-2026,Parma,Monza,Italy – Serie A,1-1,2.50,draw
05-09-2026,Frosinone,Venezia,Italy – Serie A,3-2,2.75,home
05-09-2026,Hamburger SV,FSV Mainz 05,Germany – Bundesliga,0-5,1.40,away
05-09-2026,Alaves,Osasuna,Spain – La Liga,5-2,2.30,home
05-09-2026,Malaga,Levante,Spain – La Liga,0-0,2.95,draw
05-09-2026,Juventus,AC Milan,Italy – Serie A,1-1,2.15,draw
05-09-2026,Espanyol,Sevilla,Spain – La Liga,1-1,2.30,draw
29-08-2026,1. FC Köln,Hoffenheim,Germany – Bundesliga,3-2,1.60,home
29-08-2026,Union Berlin,Eintracht Frankfurt,Germany – Bundesliga,3-3,3.35,draw
29-08-2026,Bournemouth,Everton,England – Premier League,1-1,2.15,draw
29-08-2026,Levante,Real Betis,Spain – La Liga,5-2,2.35,home
29-08-2026,Tottenham,Newcastle,England – Premier League,0-2,1.62,away
29-08-2026,Monza,Udinese,Italy – Serie A,2-3,2.35,away
29-08-2026,Sassuolo,Torino,Italy – Serie A,2-1,1.35,home
29-08-2026,Sevilla,Atletico Madrid,Spain – La Liga,1-3,2.10,away
29-08-2026,Chelsea,Brighton,England – Premier League,4-3,1.95,home
29-08-2026,Sunderland,Fulham,England – Premier League,1-0,2.43,home
29-08-2026,Leeds,Brentford,England – Premier League,1-1,1.50,draw
29-08-2026,FC Augsburg,FC Schalke 04,Germany – Bundesliga,3-0,1.37,home
29-08-2026,Napoli,Como,Italy – Serie A,1-2,1.52,away
29-08-2026,Deportivo La Coruna,Valencia,Spain – La Liga,3-1,3.15,home
29-08-2026,Celta Vigo,Athletic Club,Spain – La Liga,0-2,2.47,away
12-06-2026,Derry City,Bohemians,Ireland – Premier Division,4-1,1.35,home
12-06-2026,Galway United,Dundalk,Ireland – Premier Division,0-1,3.50,away
12-06-2026,Waterford,Sligo Rovers,Ireland – Premier Division,4-0,1.60,home
12-06-2026,Canada,Bosnia & Herzegovina,World – World Cup,1-1,1.85,draw
12-06-2026,Shelbourne,Shamrock Rovers,Ireland – Premier Division,2-1,1.45,home
12-06-2026,A. Italiano,D. La Serena,Chile – Primera División,1-1,1.25,draw
12-06-2026,USA,Paraguay,World – World Cup,4-1,2.05,home
12-06-2026,Everton de Vina,Palestino,Chile – Primera División,1-2,1.40,away
12-06-2026,Nublense,Huachipato,Chile – Primera División,2-2,1.20,draw
12-06-2026,Australia,Türkiye,World – World Cup,2-0,1.75,home
12-06-2026,Concepción,Deportes Limache,Chile – Primera División,3-2,2.20,home
12-06-2026,Netherlands,Japan,World – World Cup,2-2,3.40,draw
12-06-2026,Ivory Coast,Ecuador,World – World Cup,1-0,2.90,home
12-06-2026,Sweden,Tunisia,World – World Cup,5-1,1.95,home
12-06-2026,Iran,New Zealand,World – World Cup,2-2,1.95,draw
30-05-2026,AIK Stockholm,Sirius,Sweden – Allsvenskan,0-3,1.35,away
30-05-2026,Gnistan,SJK,Finland – Veikkausliiga,3-2,2.70,home
30-05-2026,KuPS,Inter Turku,Finland – Veikkausliiga,1-1,1.40,draw
30-05-2026,Turku PS,VPS,Finland – Veikkausliiga,1-0,3.25,home
30-05-2026,Lahti,Ilves,Finland – Veikkausliiga,5-0,3.30,home
30-05-2026,AD Ceuta FC,Albacete,Spain – Segunda División,1-0,3.40,home
30-05-2026,Real Sociedad II,Cultural Leonesa,Spain – Segunda División,1-1,1.35,draw
30-05-2026,Paris Saint Germain,Arsenal,World – UEFA Champions League,1-1,1.35,draw
30-05-2026,Granada CF,Sporting Gijon,Spain – Segunda División,1-2,1.30,away
30-05-2026,Gremio,Corinthians,Brazil – Serie A,1-3,2.95,away
30-05-2026,Instituto Cordoba,Lanus,Argentina – Copa Argentina,2-1,3.00,home
30-05-2026,Degerfors IF,IF Brommapojkarna,Sweden – Allsvenskan,2-2,2.95,draw
30-05-2026,Vasteras SK FK,IFK Goteborg,Sweden – Allsvenskan,4-5,3.35,away
30-05-2026,RB Bragantino,Internacional,Brazil – Serie A,3-1,1.30,home
30-05-2026,Deportivo La Coruna,Las Palmas,Spain – Segunda División,1-2,2.55,away
22-05-2026,Fiorentina,Atalanta,Italy – Serie A,1-1,1.45,draw
22-05-2026,Standard Liege,Charleroi,Belgium – Jupiler Pro League,0-2,2.05,away
22-05-2026,Alaves,Rayo Vallecano,Spain – La Liga,1-2,2.50,away
22-05-2026,Espanyol,Real Sociedad,Spain – La Liga,1-1,1.55,draw
22-05-2026,Getafe,Osasuna,Spain – La Liga,1-0,1.30,home
22-05-2026,Real Betis,Levante,Spain – La Liga,2-1,1.35,home
22-05-2026,Parma,Sassuolo,Italy – Serie A,1-0,3.40,home
22-05-2026,Brighton,Manchester United,England – Premier League,0-3,2.00,away
22-05-2026,Fulham,Newcastle,England – Premier League,2-0,2.25,home
22-05-2026,Burnley,Wolves,England – Premier League,1-1,3.45,draw
22-05-2026,Nottingham Forest,Bournemouth,England – Premier League,1-1,2.10,draw
22-05-2026,Sunderland,Chelsea,England – Premier League,2-1,2.10,home
22-05-2026,Cadiz,Leganes,Spain – Segunda División,3-0,1.35,home
22-05-2026,Cultural Leonesa,Burgos,Spain – Segunda División,0-2,2.30,away
22-05-2026,Villarreal,Atletico Madrid,Spain – La Liga,5-1,1.25,home
16-05-2026,Borussia Mönchengladbach,Hoffenheim,Germany – Bundesliga,4-0,1.70,home
16-05-2026,1. FC Heidenheim,FSV Mainz 05,Germany – Bundesliga,0-2,1.95,away
16-05-2026,FC St. Pauli,VfL Wolfsburg,Germany – Bundesliga,1-3,1.30,away
16-05-2026,SC Freiburg,RB Leipzig,Germany – Bundesliga,4-1,1.25,home
16-05-2026,Union Berlin,FC Augsburg,Germany – Bundesliga,4-0,1.30,home
16-05-2026,Leeds,Brighton,England – Premier League,1-0,2.15,home
16-05-2026,Levante,Mallorca,Spain – La Liga,2-0,2.20,home
16-05-2026,Rayo Vallecano,Villarreal,Spain – La Liga,2-0,3.60,home
16-05-2026,Oviedo,Alaves,Spain – La Liga,0-1,1.85,away
16-05-2026,Elche,Getafe,Spain – La Liga,1-0,1.30,home
16-05-2026,Cagliari,Torino,Italy – Serie A,2-1,3.15,home
16-05-2026,Sassuolo,Lecce,Italy – Serie A,2-3,1.45,away
16-05-2026,Nantes,Toulouse,France – Ligue 1,0-0,2.65,draw
16-05-2026,Strasbourg,Monaco,France – Ligue 1,5-4,2.20,home
16-05-2026,Lyon,Lens,France – Ligue 1,0-4,1.25,away
09-05-2026,VfB Stuttgart,Bayer Leverkusen,Germany – Bundesliga,3-1,2.15,home
09-05-2026,FC Augsburg,Borussia Mönchengladbach,Germany – Bundesliga,3-1,2.15,home
09-05-2026,Fulham,Bournemouth,England – Premier League,0-1,1.40,away
09-05-2026,Sevilla,Espanyol,Spain – La Liga,2-1,2.15,home
09-05-2026,Real Sociedad,Real Betis,Spain – La Liga,2-2,1.45,draw
09-05-2026,Mallorca,Villarreal,Spain – La Liga,1-1,1.40,draw
09-05-2026,Crystal Palace,Everton,England – Premier League,2-2,2.70,draw
09-05-2026,Nottingham Forest,Newcastle,England – Premier League,1-1,2.55,draw
09-05-2026,Fiorentina,Genoa,Italy – Serie A,0-0,1.30,draw
09-05-2026,Oviedo,Getafe,Spain – La Liga,0-0,2.50,draw
09-05-2026,AC Milan,Atalanta,Italy – Serie A,2-3,2.10,away
09-05-2026,Metz,Lorient,France – Ligue 1,0-4,2.15,away
09-05-2026,Auxerre,Nice,France – Ligue 1,2-1,1.40,home
09-05-2026,Angers,Strasbourg,France – Ligue 1,1-1,3.40,draw
09-05-2026,Monaco,Lille,France – Ligue 1,0-1,1.45,away
02-05-2026,Union Berlin,1. FC Köln,Germany – Bundesliga,2-2,1.40,draw
02-05-2026,Hoffenheim,VfB Stuttgart,Germany – Bundesliga,3-3,1.25,draw
02-05-2026,Newcastle,Brighton,England – Premier League,3-1,1.25,home
02-05-2026,Wolves,Sunderland,England – Premier League,1-1,2.35,draw
02-05-2026,Valencia,Atletico Madrid,Spain – La Liga,0-2,1.95,away
02-05-2026,Como,Napoli,Italy – Serie A,0-0,1.30,draw
02-05-2026,Bayer Leverkusen,RB Leipzig,Germany – Bundesliga,4-1,1.25,home
02-05-2026,Alaves,Athletic Club,Spain – La Liga,2-4,1.50,away
02-05-2026,FC St. Pauli,FSV Mainz 05,Germany – Bundesliga,1-2,3.30,away
02-05-2026,Manchester United,Liverpool,England – Premier League,3-2,2.35,home
02-05-2026,Paris FC,Stade Brestois 29,France – Ligue 1,4-0,2.05,home
02-05-2026,Strasbourg,Toulouse,France – Ligue 1,1-2,2.40,away
02-05-2026,SC Freiburg,VfL Wolfsburg,Germany – Bundesliga,1-1,2.85,draw
02-05-2026,Aston Villa,Tottenham,England – Premier League,1-2,2.20,away
02-05-2026,Lyon,Rennes,France – Ligue 1,4-2,3.65,home
25-04-2026,VfL Wolfsburg,Borussia Mönchengladbach,Germany – Bundesliga,0-0,2.30,draw
25-04-2026,FC Augsburg,Eintracht Frankfurt,Germany – Bundesliga,1-1,3.75,draw
25-04-2026,1. FC Heidenheim,FC St. Pauli,Germany – Bundesliga,2-0,2.40,home
25-04-2026,West Ham,Everton,England – Premier League,2-1,1.40,home
25-04-2026,Bologna,AS Roma,Italy – Serie A,0-2,1.40,away
25-04-2026,Valencia,Girona,Spain – La Liga,2-1,2.00,home
25-04-2026,Hellas Verona,Lecce,Italy – Serie A,0-0,1.45,draw
25-04-2026,Atletico Madrid,Athletic Club,Spain – La Liga,3-2,2.05,home
25-04-2026,Toulouse,Monaco,France – Ligue 1,2-2,2.10,draw
25-04-2026,Rayo Vallecano,Real Sociedad,Spain – La Liga,3-3,1.35,draw
25-04-2026,Lorient,Strasbourg,France – Ligue 1,2-3,2.25,away
25-04-2026,Oviedo,Elche,Spain – La Liga,1-2,1.35,away
25-04-2026,Paris FC,Lille,France – Ligue 1,0-1,3.60,away
25-04-2026,Osasuna,Sevilla,Spain – La Liga,2-1,1.30,home
25-04-2026,AC Milan,Juventus,Italy – Serie A,0-0,3.25,draw
18-04-2026,Hoffenheim,Borussia Dortmund,Germany – Bundesliga,2-1,2.45,home
18-04-2026,Union Berlin,VfL Wolfsburg,Germany – Bundesliga,1-2,3.30,away
18-04-2026,Tottenham,Brighton,England – Premier League,2-2,1.30,draw
18-04-2026,Eintracht Frankfurt,RB Leipzig,Germany – Bundesliga,1-3,1.40,away
18-04-2026,Angers,Le Havre,France – Ligue 1,1-1,3.10,draw
18-04-2026,AS Roma,Atalanta,Italy – Serie A,1-1,1.35,draw
18-04-2026,Chelsea,Manchester United,England – Premier League,0-1,1.30,away
18-04-2026,Cremonese,Torino,Italy – Serie A,0-0,3.15,draw
18-04-2026,Everton,Liverpool,England – Premier League,1-2,1.35,away
18-04-2026,Metz,Paris FC,France – Ligue 1,1-3,2.25,away
18-04-2026,Nantes,Stade Brestois 29,France – Ligue 1,1-1,2.40,draw
18-04-2026,Strasbourg,Rennes,France – Ligue 1,0-3,2.50,away
18-04-2026,Manchester City,Arsenal,England – Premier League,2-1,1.85,home
18-04-2026,Pisa,Genoa,Italy – Serie A,1-2,1.35,away
18-04-2026,Borussia Mönchengladbach,FSV Mainz 05,Germany – Bundesliga,1-1,2.45,draw
11-04-2026,Auxerre,Nantes,France – Ligue 1,0-0,2.05,draw
11-04-2026,Atalanta,Juventus,Italy – Serie A,0-1,3.40,away
11-04-2026,Sevilla,Atletico Madrid,Spain – La Liga,2-1,2.25,home
11-04-2026,Genoa,Sassuolo,Italy – Serie A,2-1,1.30,home
11-04-2026,Osasuna,Real Betis,Spain – La Liga,1-1,1.40,draw
11-04-2026,Nottingham Forest,Aston Villa,England – Premier League,1-1,2.65,draw
11-04-2026,Crystal Palace,Newcastle,England – Premier League,2-1,1.30,home
11-04-2026,Sunderland,Tottenham,England – Premier League,1-0,2.65,home
11-04-2026,1. FC Köln,Werder Bremen,Germany – Bundesliga,3-1,1.35,home
11-04-2026,Mallorca,Rayo Vallecano,Spain – La Liga,3-0,1.45,home
11-04-2026,Toulouse,Lille,France – Ligue 1,0-4,2.40,away
11-04-2026,Chelsea,Manchester City,England – Premier League,0-3,2.15,away
11-04-2026,FSV Mainz 05,SC Freiburg,Germany – Bundesliga,0-1,3.20,away
11-04-2026,Como,Inter,Italy – Serie A,3-4,1.35,away
11-04-2026,Athletic Club,Villarreal,Spain – La Liga,1-2,2.30,away
04-04-2026,VfB Stuttgart,Borussia Dortmund,Germany – Bundesliga,0-2,1.60,away
04-04-2026,Atletico Madrid,Barcelona,Spain – La Liga,1-2,1.60,away
04-04-2026,Lille,Lens,France – Ligue 1,3-0,1.50,home
04-04-2026,Getafe,Athletic Club,Spain – La Liga,2-0,2.90,home
04-04-2026,Union Berlin,FC St. Pauli,Germany – Bundesliga,1-1,2.15,draw
04-04-2026,Valencia,Celta Vigo,Spain – La Liga,2-3,2.35,away
04-04-2026,Le Havre,Auxerre,France – Ligue 1,1-1,3.20,draw
04-04-2026,Lorient,Paris FC,France – Ligue 1,1-1,3.30,draw
04-04-2026,Metz,Nantes,France – Ligue 1,0-0,2.50,draw
04-04-2026,West Ham,Leeds,England – FA Cup,2-2,2.40,draw
04-04-2026,Eintracht Frankfurt,1. FC Köln,Germany – Bundesliga,2-2,2.20,draw
04-04-2026,Pisa,Torino,Italy – Serie A,0-1,1.35,away
04-04-2026,Oviedo,Sevilla,Spain – La Liga,1-0,1.40,home
04-04-2026,Monaco,Marseille,France – Ligue 1,2-1,2.25,home
04-04-2026,Alaves,Osasuna,Spain – La Liga,2-2,1.40,draw
28-03-2026,Morton,Arbroath,Scotland – Championship,2-1,1.30,home
28-03-2026,AD Ceuta FC,Cadiz,Spain – Segunda División,2-1,1.35,home
28-03-2026,Dumbarton,Forfar Athletic,Scotland – League Two,2-2,1.35,draw
28-03-2026,Reading,Wigan,England – League One,3-0,2.15,home
28-03-2026,Blackpool,Burton Albion,England – League One,1-0,1.40,home
28-03-2026,Exeter City,Leyton Orient,England – League One,0-0,1.30,draw
28-03-2026,Barnet,Cambridge United,England – League Two,1-0,2.60,home
28-03-2026,Newport County,Shrewsbury,England – League Two,1-0,2.65,home
28-03-2026,Valladolid,Burgos,Spain – Segunda División,0-1,2.25,away
28-03-2026,Longford Town,Finn Harps,Ireland – First Division,0-1,3.25,away
28-03-2026,Sporting Gijon,Deportivo La Coruna,Spain – Segunda División,1-1,3.25,draw
28-03-2026,Albacete,Castellón,Spain – Segunda División,1-1,2.85,draw
28-03-2026,Eibar,Las Palmas,Spain – Segunda División,3-1,2.95,home
28-03-2026,Zaragoza,Racing Santander,Spain – Segunda División,2-0,1.30,home
28-03-2026,Atletico Paranaense,Botafogo,Brazil – Serie A,4-1,1.90,home
21-03-2026,VfL Wolfsburg,Werder Bremen,Germany – Bundesliga,0-1,2.45,away
21-03-2026,Espanyol,Getafe,Spain – La Liga,1-2,2.95,away
21-03-2026,Levante,Oviedo,Spain – La Liga,4-2,2.20,home
21-03-2026,Osasuna,Girona,Spain – La Liga,1-0,1.35,home
21-03-2026,Auxerre,Stade Brestois 29,France – Ligue 1,3-0,1.35,home
21-03-2026,Leeds,Brentford,England – Premier League,0-0,1.45,draw
21-03-2026,Sevilla,Valencia,Spain – La Liga,0-2,2.20,away
21-03-2026,Bologna,Lazio,Italy – Serie A,0-2,3.10,away
21-03-2026,Lyon,Monaco,France – Ligue 1,1-2,1.45,away
21-03-2026,Tottenham,Nottingham Forest,England – Premier League,0-3,2.45,away
21-03-2026,FSV Mainz 05,Eintracht Frankfurt,Germany – Bundesliga,2-1,1.35,home
21-03-2026,Paris FC,Le Havre,France – Ligue 1,3-2,1.25,home
21-03-2026,Arsenal,Manchester City,England – League Cup,0-2,3.25,away
21-03-2026,FC St. Pauli,SC Freiburg,Germany – Bundesliga,1-2,2.75,away
21-03-2026,Athletic Club,Real Betis,Spain – La Liga,2-1,2.20,home
15-03-2026,Hellas Verona,Genoa,Italy – Serie A,0-2,3.05,away
15-03-2026,Mallorca,Espanyol,Spain – La Liga,2-1,2.40,home
15-03-2026,Crystal Palace,Leeds,England – Premier League,0-0,1.35,draw
15-03-2026,Nottingham Forest,Fulham,England – Premier League,0-0,2.25,draw
15-03-2026,Pisa,Cagliari,Italy – Serie A,3-1,3.10,home
15-03-2026,Sassuolo,Bologna,Italy – Serie A,0-1,3.30,away
15-03-2026,Werder Bremen,FSV Mainz 05,Germany – Bundesliga,0-2,1.40,away
15-03-2026,Le Havre,Lyon,France – Ligue 1,0-0,1.25,draw
15-03-2026,Metz,Toulouse,France – Ligue 1,3-4,1.25,away
15-03-2026,SC Freiburg,Union Berlin,Germany – Bundesliga,0-1,2.20,away
15-03-2026,Como,AS Roma,Italy – Serie A,2-1,1.30,home
15-03-2026,Real Betis,Celta Vigo,Spain – La Liga,1-1,1.30,draw
15-03-2026,VfB Stuttgart,RB Leipzig,Germany – Bundesliga,1-0,2.80,home
15-03-2026,Lazio,AC Milan,Italy – Serie A,1-0,2.05,home
15-03-2026,Rennes,Lille,France – Ligue 1,1-2,2.30,away
07-03-2026,FSV Mainz 05,VfB Stuttgart,Germany – Bundesliga,2-2,2.20,draw
07-03-2026,SC Freiburg,Bayer Leverkusen,Germany – Bundesliga,3-3,2.85,draw
07-03-2026,VfL Wolfsburg,Hamburger SV,Germany – Bundesliga,1-2,2.40,away
07-03-2026,Levante,Girona,Spain – La Liga,1-1,1.40,draw
07-03-2026,Nantes,Angers,France – Ligue 1,0-1,2.20,away
07-03-2026,Newcastle,Manchester City,England – FA Cup,1-3,2.00,away
07-03-2026,Toulouse,Marseille,France – Ligue 1,0-1,1.30,away
07-03-2026,Lecce,Cremonese,Italy – Serie A,2-1,3.15,home
07-03-2026,FC St. Pauli,Eintracht Frankfurt,Germany – Bundesliga,0-0,2.65,draw
07-03-2026,Nice,Rennes,France – Ligue 1,0-4,1.40,away
07-03-2026,Union Berlin,Werder Bremen,Germany – Bundesliga,1-4,1.25,away
07-03-2026,Sevilla,Rayo Vallecano,Spain – La Liga,1-1,3.25,draw
07-03-2026,AC Milan,Inter,Italy – Serie A,1-0,1.40,home
07-03-2026,Valencia,Alaves,Spain – La Liga,3-2,2.10,home
07-03-2026,Lazio,Sassuolo,Italy – Serie A,2-1,1.30,home
28-02-2026,Borussia Mönchengladbach,Union Berlin,Germany – Bundesliga,1-0,3.30,home
28-02-2026,Rennes,Toulouse,France – Ligue 1,1-0,2.20,home
28-02-2026,Mallorca,Real Sociedad,Spain – La Liga,0-1,1.40,away
28-02-2026,Elche,Espanyol,Spain – La Liga,2-2,3.25,draw
28-02-2026,Fulham,Tottenham,England – Premier League,2-1,2.15,home
28-02-2026,Brighton,Nottingham Forest,England – Premier League,2-1,2.20,home
28-02-2026,Paris FC,Nice,France – Ligue 1,1-0,1.40,home
28-02-2026,Valencia,Osasuna,Spain – La Liga,1-0,3.25,home
28-02-2026,Metz,Stade Brestois 29,France – Ligue 1,0-1,1.30,away
28-02-2026,Lorient,Auxerre,France – Ligue 1,2-2,1.25,draw
28-02-2026,Eintracht Frankfurt,SC Freiburg,Germany – Bundesliga,2-0,2.30,home
28-02-2026,Torino,Lazio,Italy – Serie A,2-0,3.00,home
28-02-2026,Hamburger SV,RB Leipzig,Germany – Bundesliga,1-2,1.35,away
28-02-2026,AS Roma,Juventus,Italy – Serie A,3-3,3.10,draw
28-02-2026,Girona,Celta Vigo,Spain – La Liga,1-2,1.40,away
21-02-2026,Juventus,Como,Italy – Serie A,0-2,1.35,away
21-02-2026,Union Berlin,Bayer Leverkusen,Germany – Bundesliga,1-0,1.40,home
21-02-2026,1. FC Köln,Hoffenheim,Germany – Bundesliga,2-2,1.35,draw
21-02-2026,West Ham,Bournemouth,England – Premier League,0-0,1.40,draw
21-02-2026,RB Leipzig,Borussia Dortmund,Germany – Bundesliga,2-2,1.65,draw
21-02-2026,Cagliari,Lazio,Italy – Serie A,0-0,3.05,draw
21-02-2026,Genoa,Torino,Italy – Serie A,3-0,3.25,home
21-02-2026,Getafe,Sevilla,Spain – La Liga,0-1,2.95,away
21-02-2026,Sunderland,Fulham,England – Premier League,1-3,1.45,away
21-02-2026,Auxerre,Rennes,France – Ligue 1,0-3,2.45,away
21-02-2026,Atalanta,Napoli,Italy – Serie A,2-1,3.20,home
21-02-2026,Nantes,Le Havre,France – Ligue 1,2-0,2.40,home
21-02-2026,Nice,Lorient,France – Ligue 1,3-3,2.15,draw
21-02-2026,FC St. Pauli,Werder Bremen,Germany – Bundesliga,2-1,2.80,home
21-02-2026,Strasbourg,Lyon,France – Ligue 1,3-1,2.90,home
14-02-2026,Norwich,West Brom,England – FA Cup,3-1,2.35,home
14-02-2026,Getafe,Villarreal,Spain – La Liga,2-1,1.35,home
14-02-2026,Lazio,Atalanta,Italy – Serie A,0-2,2.20,away
14-02-2026,Sevilla,Alaves,Spain – La Liga,1-1,1.25,draw
14-02-2026,Aston Villa,Newcastle,England – FA Cup,1-3,2.25,away
14-02-2026,Inter,Juventus,Italy – Serie A,3-2,2.00,home
14-02-2026,Birmingham,Leeds,England – FA Cup,1-1,1.30,draw
14-02-2026,Oviedo,Athletic Club,Spain – La Liga,1-2,2.25,away
14-02-2026,Cremonese,Genoa,Italy – Serie A,0-0,3.05,draw
14-02-2026,Le Havre,Toulouse,France – Ligue 1,2-1,3.20,home
14-02-2026,Metz,Auxerre,France – Ligue 1,1-3,1.45,away
14-02-2026,Levante,Valencia,Spain – La Liga,0-2,3.40,away
14-02-2026,Napoli,AS Roma,Italy – Serie A,2-2,3.10,draw
14-02-2026,Mallorca,Real Betis,Spain – La Liga,1-2,1.40,away
14-02-2026,Cagliari,Lecce,Italy – Serie A,0-2,1.25,away
07-02-2026,1. FC Heidenheim,Hamburger SV,Germany – Bundesliga,0-2,1.45,away
07-02-2026,FSV Mainz 05,FC Augsburg,Germany – Bundesliga,2-0,2.15,home
07-02-2026,Burnley,West Ham,England – Premier League,0-2,2.25,away
07-02-2026,Bournemouth,Aston Villa,England – Premier League,1-1,1.45,draw
07-02-2026,Fulham,Everton,England – Premier League,1-2,1.30,away
07-02-2026,Borussia Mönchengladbach,Bayer Leverkusen,Germany – Bundesliga,1-1,2.10,draw
07-02-2026,Stade Brestois 29,Lorient,France – Ligue 1,2-0,3.20,home
07-02-2026,Alaves,Getafe,Spain – La Liga,0-2,1.25,away
07-02-2026,Nice,Monaco,France – Ligue 1,0-0,2.20,draw
07-02-2026,Lecce,Udinese,Italy – Serie A,2-1,2.95,home
07-02-2026,1. FC Köln,RB Leipzig,Germany – Bundesliga,1-2,2.20,away
07-02-2026,Angers,Toulouse,France – Ligue 1,1-0,1.30,home
07-02-2026,Auxerre,Paris FC,France – Ligue 1,0-0,1.40,draw
07-02-2026,Le Havre,Strasbourg,France – Ligue 1,2-1,2.00,home
07-02-2026,Liverpool,Manchester City,England – Premier League,1-2,2.35,away
31-01-2026,Oviedo,Girona,Spain – La Liga,1-0,1.45,home
31-01-2026,Pisa,Sassuolo,Italy – Serie A,1-3,1.40,away
31-01-2026,Werder Bremen,Borussia Mönchengladbach,Germany – Bundesliga,1-1,2.45,draw
31-01-2026,Eintracht Frankfurt,Bayer Leverkusen,Germany – Bundesliga,1-3,1.45,away
31-01-2026,Wolves,Bournemouth,England – Premier League,0-2,2.30,away
31-01-2026,Osasuna,Villarreal,Spain – La Liga,2-2,1.45,draw
31-01-2026,Cagliari,Verona,Italy – Serie A,4-0,2.30,home
31-01-2026,Aston Villa,Brentford,England – Premier League,0-1,2.05,away
31-01-2026,Nottingham Forest,Crystal Palace,England – Premier League,1-1,1.25,draw
31-01-2026,Como,Atalanta,Italy – Serie A,0-0,1.40,draw
31-01-2026,Lyon,Lille,France – Ligue 1,1-0,1.95,home
31-01-2026,Angers,Metz,France – Ligue 1,1-0,2.15,home
31-01-2026,Nice,Stade Brestois 29,France – Ligue 1,2-2,2.15,draw
31-01-2026,Getafe,Celta Vigo,Spain – La Liga,0-0,2.75,draw
31-01-2026,Athletic Club,Real Sociedad,Spain – La Liga,1-1,3.50,draw
24-01-2026,West Ham,Sunderland,England – Premier League,3-1,2.60,home
24-01-2026,Rayo Vallecano,Osasuna,Spain – La Liga,1-3,1.25,away
24-01-2026,Burnley,Tottenham,England – Premier League,2-2,1.30,draw
24-01-2026,Fulham,Brighton,England – Premier League,2-1,1.45,home
24-01-2026,Valencia,Espanyol,Spain – La Liga,3-2,1.40,home
24-01-2026,Sevilla,Athletic Club,Spain – La Liga,2-1,1.50,home
24-01-2026,Villarreal,Real Madrid,Spain – La Liga,0-2,2.05,away
24-01-2026,Marseille,Lens,France – Ligue 1,3-1,2.05,home
24-01-2026,Nantes,Nice,France – Ligue 1,1-4,3.55,away
24-01-2026,Crystal Palace,Chelsea,England – Premier League,1-3,1.35,away
24-01-2026,Brentford,Nottingham Forest,England – Premier League,0-2,2.05,away
24-01-2026,Newcastle,Aston Villa,England – Premier League,0-2,2.00,away
24-01-2026,Stade Brestois 29,Toulouse,France – Ligue 1,0-2,3.15,away
24-01-2026,Real Sociedad,Celta Vigo,Spain – La Liga,3-1,3.40,home
24-01-2026,Alaves,Real Betis,Spain – La Liga,2-1,2.50,home
17-01-2026,Hamburger SV,Borussia Mönchengladbach,Germany – Bundesliga,0-0,2.55,draw
17-01-2026,Sunderland,Crystal Palace,England – Premier League,2-1,1.40,home
17-01-2026,Leeds,Fulham,England – Premier League,1-0,3.30,home
17-01-2026,Sheffield Wednesday,Portsmouth,England – Championship,0-1,1.30,away
17-01-2026,Preston,Derby,England – Championship,0-1,1.30,away
17-01-2026,Oxford United,Bristol City,England – Championship,0-0,2.20,draw
17-01-2026,Mallorca,Athletic Club,Spain – La Liga,3-2,3.05,home
17-01-2026,Swansea,Birmingham,England – Championship,1-1,2.85,draw
17-01-2026,Real Betis,Villarreal,Spain – La Liga,2-0,1.50,home
17-01-2026,VfL Bochum,SV Darmstadt 98,Germany – 2. Bundesliga,3-3,3.50,draw
17-01-2026,Gent,Anderlecht,Belgium – Jupiler Pro League,4-2,2.35,home
17-01-2026,Getafe,Valencia,Spain – La Liga,0-1,1.50,away
17-01-2026,Nantes,Paris FC,France – Ligue 1,1-2,1.40,away
17-01-2026,Celta Vigo,Rayo Vallecano,Spain – La Liga,3-0,2.15,home
17-01-2026,Hoffenheim,Bayer Leverkusen,Germany – Bundesliga,1-0,2.55,home
10-01-2026,1. FC Heidenheim,1. FC Köln,Germany – Bundesliga,2-2,1.45,draw
10-01-2026,Union Berlin,FSV Mainz 05,Germany – Bundesliga,2-2,1.30,draw
10-01-2026,Werder Bremen,Hoffenheim,Germany – Bundesliga,Postp,2.40,postponed
10-01-2026,Bayer Leverkusen,VfB Stuttgart,Germany – Bundesliga,1-4,1.95,away
10-01-2026,Girona,Osasuna,Spain – La Liga,1-0,1.35,home
10-01-2026,Bristol City,Watford,England – FA Cup,5-1,2.25,home
10-01-2026,Tottenham,Aston Villa,England – FA Cup,1-2,2.70,away
10-01-2026,Valencia,Elche,Spain – La Liga,1-1,3.30,draw
10-01-2026,Heerenveen,Feyenoord,Netherlands – Eredivisie,2-2,2.25,draw
10-01-2026,GO Ahead Eagles,Fortuna Sittard,Netherlands – Eredivisie,2-2,1.35,draw
10-01-2026,Borussia Mönchengladbach,FC Augsburg,Germany – Bundesliga,4-0,1.95,home
10-01-2026,Swansea,West Brom,England – FA Cup,1-1,2.75,draw
10-01-2026,Levante,Espanyol,Spain – La Liga,1-1,1.35,draw
10-01-2026,Nacional,Santa Clara,Portugal – Primeira Liga,3-3,3.05,draw
10-01-2026,Moreirense,Tondela,Portugal – Primeira Liga,1-0,2.15,home
